Day,Pb_Sum,Ppv_Sum,Pd_Sum,Ppvmax_Sum,Ps_Sum,Pc_Sum,SOC_Avg,Benefit,npv
1,0.0,42219.4015694665,27424.896179801377,57455.33579902384,24000.0,21644.297749267866,11581.8387253278,445485.20739509986,30813770.365976267
2,0.0,42496.75614946987,20065.814071536777,52979.36669830005,16918.27247173877,21644.29774926787,10869.71108010482,445485.20739509986,30813770.365976267
3,0.0,42104.51410745673,19236.40454543006,47229.19120074071,15696.620903618925,21644.29774926787,11266.556473707073,445485.20739509986,30813770.365976267
4,0.0,41836.4433627673,20343.501906615045,48714.604850967946,16535.64752011446,21644.29774926787,11157.77481009206,445485.20739509986,30813770.365976267
5,0.0,41445.36180016839,21167.936259989903,45422.32475276898,16969.000310890427,21644.29774926787,10264.462713414983,445485.20739509986,30813770.365976267
6,0.0,41988.46616603273,18655.83158323514,46398.28794014485,15000.0,21644.29774926787,10756.100664493688,445485.20739509986,30813770.365976267
7,0.0,41903.751168793206,20819.792435717893,43434.42351617581,17079.24585524323,21644.297749267866,10478.090038794915,445485.20739509986,30813770.365976267
8,0.0,41731.50624622125,17302.88512711665,46595.56944056565,13390.093624070032,21644.29774926787,10588.347221205997,445485.20739509986,30813770.365976267
9,0.0,41613.6313152332,23030.66643403467,44967.41682238689,19000.0,21644.297749267873,10938.382801073652,445485.20739509986,30813770.365976267
10,0.0,41921.158360006804,18064.653592122537,43269.635439353726,14341.514202861475,21644.29774926787,10350.032790375453,445485.20739509986,30813770.365976267
11,0.0,42227.524925366175,19271.552182932166,50175.648433496135,15854.779359030472,21644.297749267866,11037.236070031044,445485.20739509986,30813770.365976267
12,0.0,42249.574034236735,22394.723715031134,50233.67240420815,19000.0,21644.297749267866,10801.79945638234,445485.20739509986,30813770.365976267
13,0.0,41450.67022797516,20576.425013802393,45886.516518464996,16382.797492509686,21644.29774926787,9980.141034556449,445485.20739509986,30813770.365976267
14,0.0,41499.90433263768,19832.55770927453,41794.666103854644,15688.164292644331,21644.29774926787,10232.954796625914,445485.20739509986,30813770.365976267
15,0.0,42208.957254738336,14661.47326611682,49571.03865867709,11226.132771587285,21644.297749267866,11075.724768703201,445485.20739509986,30813770.365976267
16,0.0,39545.65699905748,21603.36667409715,39886.83794684405,17675.98290792984,19473.04076522478,12351.020768202148,445485.20739509986,30813770.365976267
17,0.0,40374.239300824855,21033.320647938057,40608.656142501335,16846.65600313079,20560.90394563212,11054.60832616882,445485.20739509986,30813770.365976267
18,0.0,42020.95958963145,19623.33815963642,45841.25782130963,16000.0,21644.29774926787,9957.109384857455,445485.20739509986,30813770.365976267
19,0.0,42161.377598754494,19026.357771452618,45819.20871243906,15543.437620939243,21644.297749267873,10168.673976330547,445485.20739509986,30813770.365976267
20,0.0,41473.87981625997,21325.761460326547,42674.30949984859,17155.34352731864,21644.29774926787,10499.88924523987,445485.20739509986,30813770.365976267
21,0.0,39437.73241353315,18972.64246332267,39530.570766672354,14248.651087751115,20161.7237891047,9786.636597924278,445485.20739509986,30813770.365976267
22,0.0,41856.17151280937,16354.773445682544,44297.82020037039,12566.64720922404,21644.29774926787,10296.362857223712,445485.20739509986,30813770.365976267
23,0.0,42002.39191900361,21203.244611681526,44998.74976657137,17561.338781417264,21644.29774926787,10751.060976482753,445485.20739509986,30813770.365976267
24,0.0,41874.7391834372,19157.49194526174,43275.43783642492,15387.933379431077,21644.297749267866,10757.737768714831,445485.20739509986,30813770.365976267
25,0.0,38734.481888503695,18998.508664221936,38924.80051243906,14638.932586692907,19094.05796603272,11382.496377908332,445485.20739509986,30813770.365976267
26,0.0,41601.53255182638,21845.322982831174,44636.68018932849,17802.557785389676,21644.297749267873,10876.410263524007,445485.20739509986,30813770.365976267
27,0.0,41983.82424837577,19933.519418313415,46321.69629880501,16273.045917421317,21644.29774926787,10052.466778146123,445485.20739509986,30813770.365976267
28,0.0,42365.62197566075,17883.618803501096,54436.92884258553,14604.943029893966,21644.29774926787,10854.688047017724,445485.20739509986,30813770.365976267
29,0.0,42038.366780845055,21982.259553711498,48830.65279239194,18376.328585288677,21644.297749267866,10542.090437254194,445485.20739509986,30813770.365976267
30,0.0,39473.707275374596,18557.375127462,39473.707275374596,14344.019456127213,19687.062946709375,9620.022447920326,445485.20739509986,30813770.365976267
31,0.0,41439.065433832766,18001.65444867867,44424.31245652255,13796.422133243566,21644.29774926787,10119.467769219134,445485.20739509986,30813770.365976267
32,0.0,41744.2715197779,22085.542221578857,47342.91818333623,18185.51599208888,21644.29774926787,10698.00908792003,445485.20739509986,30813770.365976267
33,0.0,41631.03850644681,19160.97338350446,45484.990641137934,15147.71414068339,21644.29774926787,10099.418427385457,445485.20739509986,30813770.365976267
34,0.0,41821.35713038216,21105.270371620936,48476.706571048744,17282.32975273523,21644.29774926787,10521.50004640686,445485.20739509986,30813770.365976267
35,0.0,42149.7728046121,19722.312164921732,53292.69614014486,16227.787220265955,21644.297749267866,10723.666076763844,445485.20739509986,30813770.365976267
36,0.0,41905.57815835726,19999.6667449251,47020.304906177495,16260.947154014488,21644.29774926787,10003.733816181271,445485.20739509986,30813770.365976267
37,0.0,41993.1080836897,19086.702700993097,45143.80969335137,15435.513035414915,21644.297749267873,10321.059424146828,445485.20739509986,30813770.365976267
38,0.0,42036.04582201657,21106.430851035177,43679.284672580456,17498.17892378388,21644.29774926787,10435.338251023024,445485.20739509986,30813770.365976267
39,0.0,39405.23898993442,18886.04778419508,40107.329035549636,14010.05836732924,20281.22840680027,9620.423297544521,445485.20739509986,30813770.365976267
40,0.0,40241.94464760149,18263.167855219013,40257.03087998661,13787.543836265982,20717.56866655452,9856.03386676236,445485.20739509986,30813770.365976267
41,0.0,41389.16481902044,21136.60331580542,45290.03009954561,16881.47038555799,21644.29774926787,10146.644856179255,445485.20739509986,30813770.365976267
42,0.0,41775.60446396237,18609.412406665542,46380.880748931246,14740.719121360044,21644.29774926787,10249.867001564015,445485.20739509986,30813770.365976267
43,0.0,42191.55006352474,21138.9242746339,44557.76758916016,17686.176588890765,21644.29774926787,10109.939154826314,445485.20739509986,30813770.365976267
44,0.0,41649.60617707464,19420.92077229423,43718.740972664615,15426.229200101001,21644.297749267866,10096.971962616453,445485.20739509986,30813770.365976267
45,0.0,41826.665558188935,20802.385244504294,44365.128006396306,16984.753053425356,21644.29774926787,10557.589456676784,445485.20739509986,30813770.365976267
46,0.0,42233.32732243737,18805.866682747015,51527.60695108578,15394.896255916516,21644.297749267866,10094.518436038345,445485.20739509986,30813770.365976267
47,0.0,41231.83358794823,21078.59481671365,41795.82658326889,17023.55831497994,21286.870089681943,10951.581134478642,445485.20739509986,30813770.365976267
48,0.0,38949.170580138096,18096.60413467818,38949.170580138096,13755.595727776992,19290.17898703929,9283.353949975766,445485.20739509986,30813770.365976267
49,0.0,42248.907524086935,19395.390225180945,45565.06372072051,16000.0,21644.29774926787,10707.885009578742,445485.20739509986,30813770.365976267
50,0.0,41179.118045043004,20300.72488247769,42906.405382696605,15835.54517825282,21644.297749267866,10062.947450952443,445485.20739509986,30813770.365976267
51,0.0,41776.098433226805,18212.034477731024,48687.913824440424,14343.835161689956,21644.297749267866,10387.376262006946,445485.20739509986,30813770.365976267
52,0.0,42180.439238646766,21627.81936310386,49641.827902945726,18163.96085248275,21644.297749267866,11050.70502783785,445485.20739509986,30813770.365976267
53,0.0,42320.36327850539,20077.91283494361,47468.24996007415,16753.978364181115,21644.29774926787,10293.801830483526,445485.20739509986,30813770.365976267
54,0.0,42437.57169934363,20046.085921494698,46942.552785423424,16839.359871570447,21644.29774926787,10356.095386858147,445485.20739509986,30813770.365976267
55,0.0,41910.22007601422,20216.67639538798,42756.70353825963,16482.598722134328,21644.29774926787,10246.063774694216,445485.20739509986,30813770.365976267
56,0.0,41426.794129540554,20438.661218582725,46149.94534549748,16221.15759885541,21644.297749267873,10438.5820734528,445485.20739509986,30813770.365976267
57,0.0,41997.750001346656,19646.54774792122,43919.50391132815,16000.0,21644.29774926787,10164.145375448095,445485.20739509986,30813770.365976267
58,0.0,42094.06979272858,17147.047630533583,47691.06200760824,13596.819673994285,21644.29774926787,10582.950090296965,445485.20739509986,30813770.365976267
59,0.0,42019.79911021722,22890.581679986528,50870.775602625916,19266.083040935864,21644.29774926787,10695.627364508922,445485.20739509986,30813770.365976267
60,0.0,41784.888299276296,15916.778737249626,45082.304284396654,12057.36928725805,21644.297749267866,10784.988881155621,445485.20739509986,30813770.365976267
61,0.0,42022.12006904569,24322.773991348244,46278.75856047812,20700.596311126064,21644.29774926787,11203.027861506693,445485.20739509986,30813770.365976267
62,0.0,39619.927681568835,18638.550016719113,39619.927681568835,14530.131461930363,19728.346236357585,9804.120542364186,445485.20739509986,30813770.365976267
63,0.0,39749.90137596372,17320.844794030472,39749.90137596372,13350.523289536282,19720.222880457906,9509.023225855593,445485.20739509986,30813770.365976267
64,0.0,41780.740350883774,19741.42272052257,46214.93219269492,15877.865322138457,21644.297749267866,10219.245977234425,445485.20739509986,30813770.365976267
65,0.0,39205.63653068515,18957.55623093755,39686.07500818052,15000.0,19163.192761622693,10698.216414390647,445485.20739509986,30813770.365976267
66,0.0,42032.56438377386,19611.73336549402,43857.99850237342,16000.0,21644.297749267873,10386.807838954226,445485.20739509986,30813770.365976267
67,0.0,41914.19548352137,20098.3074951355,43859.15898178766,16368.205229388996,21644.297749267866,10341.750232905744,445485.20739509986,30813770.365976267
68,0.0,41432.10255734732,16837.866137081306,42818.20894721435,12625.67094516076,21644.29774926787,10982.526619134585,445485.20739509986,30813770.365976267
69,0.0,41216.747355563115,22947.006157433952,41347.88152937224,19073.004444321687,21090.749068675374,11367.40323551317,445485.20739509986,30813770.365976267
70,0.0,42209.451224002776,19627.819363103852,45562.74276189203,16192.972837838748,21644.297749267876,10720.686731436339,445485.20739509986,30813770.365976267
71,0.0,41678.61816243064,15666.654281838666,44359.325609325104,11700.974695001438,21644.297749267873,10980.463904753602,445485.20739509986,30813770.365976267
72,0.0,40818.70291647878,21750.990895202824,40818.70291647878,18000.0,20569.69381168161,12091.956780992165,445485.20739509986,30813770.365976267
73,0.0,40426.46087446566,20851.286094091898,40980.009555058146,17000.0,20277.746968557545,11218.881173308853,445485.20739509986,30813770.365976267
74,0.0,41497.583373809204,20301.5955825412,47006.37915320661,16154.881207082526,21644.29774926787,9972.969215783358,445485.20739509986,30813770.365976267
75,0.0,41404.745020669994,19239.552728597875,44177.13034128943,15000.0,21644.297749267866,10083.790209175384,445485.20739509986,30813770.365976267
76,0.0,39453.97912533251,19344.164698696513,39781.2343201482,14753.653217733721,20044.490606295305,10354.552852678231,445485.20739509986,30813770.365976267
77,0.0,41078.15633600411,20042.60448325198,42040.687739673536,15476.463069988224,21644.297749267866,10349.1656155463,445485.20739509986,30813770.365976267
78,0.0,41693.70439481576,19950.59335445211,44346.56033576846,16000.0,21644.29774926787,10345.337363820034,445485.20739509986,30813770.365976267
79,0.0,40237.30272994454,20156.3314658475,41420.99173246937,14749.336446524158,21644.29774926787,10556.817375332505,445485.20739509986,30813770.365976267
80,0.0,38787.86394155873,18139.751498973234,38787.86394155873,11370.129546291459,21557.48589424051,10696.362223008999,445485.20739509986,30813770.365976267
81,0.0,41578.32296354158,21810.508600403973,43408.89296906253,17744.53381467767,21644.297749267873,10803.900232789716,445485.20739509986,30813770.365976267
82,0.0,41535.879194479116,18269.231224103685,44666.85265409872,14160.812669314933,21644.297749267866,10148.101173142059,445485.20739509986,30813770.365976267
83,0.0,41961.775139505204,21682.522609762662,45173.982158121624,18000.0,21644.29774926787,10640.114931973094,445485.20739509986,30813770.365976267
84,0.0,41851.52959515241,20060.011674465575,46096.563292442435,16267.243520350112,21644.29774926787,10160.39536080423,445485.20739509986,30813770.365976267
85,0.0,41481.33666200983,20462.69803120687,45013.835998956485,16299.736943948838,21644.29774926787,10137.964025382584,445485.20739509986,30813770.365976267
86,0.0,41893.30685406506,19783.817573876448,47787.38179899016,16032.826678673624,21644.29774926787,9992.986053975857,445485.20739509986,30813770.365976267
87,0.0,41538.2001533076,20206.565335734733,45068.37853142578,16100.46773977446,21644.29774926787,10016.368789353,445485.20739509986,30813770.365976267
88,0.0,41708.790627200884,17935.50712206699,44308.264515098555,14000.0,21644.29774926787,10311.983628849977,445485.20739509986,30813770.365976267
89,0.0,40291.845262413815,16648.30285921544,40291.845262413815,12813.757446187334,20126.390675441915,11681.705695846977,445485.20739509986,30813770.365976267
90,0.0,41764.49363908441,24062.332633294056,46126.735757212686,20182.528523110588,21644.297749267866,10729.361396857283,445485.20739509986,30813770.365976267
91,0.0,41726.1978184145,19058.023970712005,45679.95118273027,15139.924039858619,21644.297749267866,10206.535444633691,445485.20739509986,30813770.365976267
92,0.0,41420.99173246936,19110.88793570082,43732.6667256355,14887.581918902299,21644.29774926787,10662.023839699505,445485.20739509986,30813770.365976267
93,0.0,41367.60967941432,21832.55770927453,41427.9546089548,17899.37154603602,21300.79584265283,10950.558974977153,445485.20739509986,30813770.365976267
94,0.0,41803.94993916856,19840.347810099305,44876.89942807616,16000.0,21644.297749267866,10497.327961386165,445485.20739509986,30813770.365976267
95,0.0,41712.272065443605,19325.761460326547,45585.95235017682,15393.735776502275,21644.29774926787,10201.478501395612,445485.20739509986,30813770.365976267
96,0.0,41646.12473883192,20950.926609527014,44447.52204480735,16952.753599091066,21644.29774926787,10240.395347804713,445485.20739509986,30813770.365976267
97,0.0,41897.45480245758,18811.66907981821,44288.53636505647,15064.826133007919,21644.297749267866,10452.388841297054,445485.20739509986,30813770.365976267
98,0.0,41361.31331307868,21333.057591886893,44247.91958555808,17050.073155697704,21644.297749267873,10088.314750656564,445485.20739509986,30813770.365976267
99,0.0,41619.43371230441,20024.86403696347,44054.119523379995,16000.0,21644.29774926787,10336.252684748326,445485.20739509986,30813770.365976267
100,0.0,40969.56524032999,15281.933873965889,41015.98441689959,10737.865709893535,21513.633404402342,11191.76725858461,445485.20739509986,30813770.365976267
101,0.0,39907.72657630037,23214.022181484594,39907.72657630037,19000.0,20121.748757784957,11857.542958130502,445485.20739509986,30813770.365976267
102,0.0,41150.600028951434,18140.084754048137,41381.5354323852,13646.387033731702,21644.29774926787,10690.758151236798,445485.20739509986,30813770.365976267
103,0.0,41751.728365527764,21860.7424702912,43302.12886295245,17968.173086551094,21644.297749267866,10795.060711618858,445485.20739509986,30813770.365976267
104,0.0,41129.711399495114,19252.318002154516,41129.711399495114,15000.0,21382.029401649626,10148.138571066249,445485.20739509986,30813770.365976267
105,0.0,41613.6313152332,15935.797277416488,43928.787746642054,11905.130843381818,21644.29774926787,11289.760094304153,445485.20739509986,30813770.365976267
106,0.0,41527.75583857945,24148.18564871366,43206.969550984766,20031.643738025225,21644.29774926787,10644.833002981233,445485.20739509986,30813770.365976267
107,0.0,40729.3460015823,17904.17417788251,41128.55092008087,14000.0,20633.52017946481,11148.07121035774,445485.20739509986,30813770.365976267
108,0.0,41057.76167581223,14709.269405991678,41057.76167581223,10602.011330617166,21165.019751186745,12109.537451539056,445485.20739509986,30813770.365976267
109,0.0,36672.30996939916,20676.69323313698,36672.30996939916,16430.177628053665,16918.825574482475,13578.774055198854,445485.20739509986,30813770.365976267
110,0.0,39573.508504999234,19793.101409190374,40035.37931186677,15844.829013566743,19521.780900622864,11535.882207482748,445485.20739509986,30813770.365976267
111,0.0,41090.255099410955,20079.40656943275,41488.29953849528,15525.363919575815,21644.297749267884,10254.567940390867,445485.20739509986,30813770.365976267
112,0.0,41641.48282117496,17149.701844436968,42588.43402319483,13146.886916344061,21644.297749267873,10707.133203816682,445485.20739509986,30813770.365976267
113,0.0,40496.08963932006,16193.466807103181,41061.24311405495,11045.258697155368,21644.29774926787,11836.518832037145,445485.20739509986,30813770.365976267
114,0.0,40455.47285982165,25963.383253938955,40767.641822252226,21734.27484006924,20684.581273691372,11669.898645217954,445485.20739509986,30813770.365976267
115,0.0,39817.20918198964,18580.551108354586,39860.14692031652,14469.811594737355,19927.94869560687,9761.603403973626,445485.20739509986,30813770.365976267
116,0.0,36586.43449274539,17006.296366335628,36586.43449274539,11133.910121364548,18458.820737716476,9372.336906229573,445485.20739509986,30813770.365976267
117,0.0,41446.52227958265,19238.72550425854,45424.64571159746,15040.950034573305,21644.29774926787,10042.833579763497,445485.20739509986,30813770.365976267
118,0.0,41672.815765359446,20829.076271031812,42762.50593533084,16857.594287123382,21644.297749267862,10303.195742289243,445485.20739509986,30813770.365976267
119,0.0,41047.31736108407,20112.233248106375,41227.19167029127,15515.252859922572,21644.297749267876,10412.150600395236,445485.20739509986,30813770.365976267
120,0.0,41501.06481205192,20043.764962666213,42908.72634152508,15900.532025450262,21644.297749267866,10352.163662978603,445485.20739509986,30813770.365976267
121,0.0,38355.00512004719,19038.78978993435,38355.00512004719,13004.931298367286,20388.863611614266,9862.887707694363,445485.20739509986,30813770.365976267
122,0.0,37867.60376606639,19825.594832789095,37867.60376606639,12048.900849587611,21644.29774926787,10707.723039168299,445485.20739509986,30813770.365976267
123,0.0,37194.52570580717,13335.8725199798,37194.52570580717,4886.100476519103,21644.297749267866,11945.013931578536,445485.20739509986,30813770.365976267
124,0.0,40419.497997980216,24954.74130284463,40419.497997980216,19729.941551556978,21644.29774926787,11903.83050556441,445485.20739509986,30813770.365976267
125,0.0,41823.678089210654,20950.593354452103,44029.74945568095,17129.97369439488,21644.297749267866,10296.113373884304,445485.20739509986,30813770.365976267
126,0.0,41419.83125305511,20820.125690792793,42963.26887399436,16595.65919458004,21644.29774926787,10226.562452271688,445485.20739509986,30813770.365976267
127,0.0,41404.74502066999,20239.552728597875,42569.866352566976,16000.0,21644.297749267866,10413.133649008445,445485.20739509986,30813770.365976267
128,0.0,41810.91281565401,19947.445171284293,45064.897093183055,16114.060237670426,21644.29774926787,10371.856847932557,445485.20739509986,30813770.365976267
129,0.0,41365.28872058584,20248.00933957246,41365.28872058584,16042.110513987547,21571.187546170753,10639.129221255318,445485.20739509986,30813770.365976267
130,0.0,41697.18583305849,19863.816038454912,44967.41682238689,15916.704122245523,21644.29774926787,10244.235238231164,445485.20739509986,30813770.365976267
131,0.0,39003.71311260738,20017.90116047803,39003.71311260738,13377.316523817535,21644.29774926788,10714.555762646603,445485.20739509986,30813770.365976267
132,0.0,41613.6313152332,20270.05844844302,46042.02075997315,16239.39201440835,21644.297749267866,10709.234488481623,445485.20739509986,30813770.365976267
133,0.0,41422.15221188359,20063.826367783204,41930.44219532073,15841.68083039893,21644.29774926787,10279.776747251492,445485.20739509986,30813770.365976267
134,0.0,41635.68042410376,20008.61732516411,44760.85148665216,16000.0,21644.297749267873,10235.159566287539,445485.20739509986,30813770.365976267
135,0.0,41846.88767749544,19860.409215216292,42465.423205285384,16062.999143443869,21644.297749267873,10607.841071897761,445485.20739509986,30813770.365976267
136,0.0,41317.70906460201,19617.86901764013,42419.00402871579,15525.937725170383,21409.640357071738,10603.914137325146,445485.20739509986,30813770.365976267
137,0.0,36974.03461710156,20323.440501498066,36974.03461710156,11653.17736933177,21644.29774926786,10690.307234908,445485.20739509986,30813770.365976267
138,0.0,41450.003717825355,20099.467974549738,42148.61232519786,15905.173943107226,21644.297749267873,10379.354863960116,445485.20739509986,30813770.365976267
139,0.0,39612.9648050834,18744.75569945475,40230.33985345909,14163.52805380587,20194.192450732266,9692.436928478046,445485.20739509986,30813770.365976267
140,0.0,40785.04901346583,19161.165040934437,41358.3258441004,15016.771624304243,20929.442430096016,10211.476657023106,445485.20739509986,30813770.365976267
141,0.0,39156.89639528706,18371.0201574819,39156.89639528706,11883.618803501096,21644.29774926787,10822.826273192526,445485.20739509986,30813770.365976267
142,0.0,41686.74151833032,20957.55623093755,42228.685404780415,17000.0,21644.29774926787,10844.692510594567,445485.20739509986,30813770.365976267
143,0.0,41646.12473883193,20105.27037162094,43918.343431913905,16107.097361184988,21644.297749267866,10237.081999059777,445485.20739509986,30813770.365976267
144,0.0,41776.098433226805,19967.173321326372,42666.186143948915,16098.974005285309,21644.29774926787,10610.758964301962,445485.20739509986,30813770.365976267
145,0.0,41653.08761531736,16062.665888368965,42644.137035078355,12071.455754418457,21644.297749267873,11240.414965739299,445485.20739509986,30813770.365976267
146,0.0,38959.61489486626,21009.985067378177,38959.61489486626,16574.977827923547,19394.622134320885,12702.145842970409,445485.20739509986,30813770.365976267
147,0.0,41526.5953591652,19117.70239010267,44298.98067978463,15000.0,21644.29774926787,10681.5772813243,445485.20739509986,30813770.365976267
148,0.0,38596.384838209124,17271.016128199117,38596.384838209124,13091.808329141722,18775.59263726652,12423.74559983462,445485.20739509986,30813770.365976267
149,0.0,40151.42725329077,18799.428854387454,40151.42725329077,14655.03543775726,20295.820669920955,11866.948340463967,445485.20739509986,30813770.365976267
150,0.0,41649.606177074646,22903.346953543172,47180.451065342626,18908.655381349945,21644.29774926787,10557.646544825653,445485.20739509986,30813770.365976267
151,0.0,41337.43721464407,20210.87399831678,42452.65793172875,15904.013463692985,21644.29774926787,10393.199630677269,445485.20739509986,30813770.365976267
152,0.0,41520.792962094005,19123.50478717387,43748.91343743486,15000.0,21644.29774926787,10372.855836177061,445485.20739509986,30813770.365976267
153,0.0,41372.25159707128,20835.211923177918,41372.25159707128,16563.16577098132,21644.29774926787,10635.180496751593,445485.20739509986,30813770.365976267
154,0.0,40829.14723120695,19333.792535351553,41691.383435987285,15324.014730773206,20838.925035785294,10110.014143977283,445485.20739509986,30813770.365976267
155,0.0,41288.697079246,19851.395740040847,41288.697079246,15751.100541151774,21388.99227813506,10650.593757965931,445485.20739509986,30813770.365976267
156,0.0,40992.77482861479,18971.48198390843,40992.77482861479,14319.959063255323,21644.2977492679,10667.812756332658,445485.20739509986,30813770.365976267
157,0.0,40819.86339589302,18594.375390785237,40819.86339589302,14458.105330054723,20956.13345662354,10960.520106829359,445485.20739509986,30813770.365976267
158,0.0,38609.15011176576,21803.878978993434,38633.5201794648,14768.731341491326,21644.297749267876,11316.21193006262,445485.20739509986,30813770.365976267
159,0.0,41143.63715246599,20102.61615771755,42026.76198670265,15601.955560915681,21644.297749267862,10574.157924006957,445485.20739509986,30813770.365976267
160,0.0,41583.45885046296,19930.371235145598,48461.62033866361,15869.532336340688,21644.29774926787,10120.184422371727,445485.20739509986,30813770.365976267
161,0.0,41431.43604719752,20173.738657061098,42306.4375255345,15960.876954990747,21644.297749267866,10459.903323436056,445485.20739509986,30813770.365976267
162,0.0,41510.348647365834,16152.850027604778,43537.70618404317,12018.900925702746,21644.29774926787,11031.0483955511,445485.20739509986,30813770.365976267
163,0.0,41685.581038916076,23854.606818145083,45120.60010506656,19895.890107793297,21644.297749267873,11705.788654888696,445485.20739509986,30813770.365976267
164,0.0,41445.36180016839,16249.1698189867,42392.31300218826,12050.233869887226,21644.29774926787,10897.065959980975,445485.20739509986,30813770.365976267
165,0.0,40535.54593940423,22988.467626611404,40535.54593940423,18896.29578362201,20627.717782393607,11728.854257171299,445485.20739509986,30813770.365976267
166,0.0,41716.91398310057,19927.38376616731,44658.72929819904,16000.0,21644.297749267873,10316.416873117705,445485.20739509986,30813770.365976267
167,0.0,41757.530762598966,20164.454821747182,45341.091193772176,16277.687835078277,21644.297749267873,10182.904326440455,445485.20739509986,30813770.365976267
168,0.0,41619.433712304395,19981.43232937216,46972.72525019366,15956.568292408692,21644.29774926787,9929.73698241173,445485.20739509986,30813770.365976267
169,0.0,41632.198985861054,20012.09876340683,44917.51620757457,16000.0,21644.29774926787,10455.965569876884,445485.20739509986,30813770.365976267
170,0.0,41786.54274795497,18182.195268035684,46939.0713471807,14324.440266722777,21644.29774926787,10552.384347043755,445485.20739509986,30813770.365976267
171,0.0,41585.77980929144,15130.800918734218,43955.47877316958,11072.282978757787,21644.29774926787,12154.21737396384,445485.20739509986,30813770.365976267
172,0.0,41689.06247715881,26898.70503588621,46369.27595478885,22943.469763777142,21644.297749267873,11258.927553225563,445485.20739509986,30813770.365976267
173,0.0,41583.45885046296,20041.44400383774,44304.78307685583,15980.605105032826,21644.29774926787,10290.897926091171,445485.20739509986,30813770.365976267
174,0.0,41346.721049958,20073.93742743646,45132.20489920898,15776.360728126581,21644.297749267873,10101.697912620088,445485.20739509986,30813770.365976267
175,0.0,41621.75467113288,19105.37160627475,44139.99500003375,15082.828528139762,21644.297749267866,10340.996959654556,445485.20739509986,30813770.365976267
176,0.0,40463.596215721336,20188.491634371312,40463.596215721336,16000.0,20652.08785009265,10932.5571698689,445485.20739509986,30813770.365976267
177,0.0,41663.53193004553,13058.851195051337,45033.56414899857,9078.085375828987,21644.29774926787,11927.372055940408,445485.20739509986,30813770.365976267
178,0.0,41808.59185682553,26703.411239218975,45449.015779296504,22867.70534677663,21644.29774926787,10937.18530980457,445485.20739509986,30813770.365976267
179,0.0,41647.28521824617,20212.034477731024,43672.32179609502,16215.021946709316,21644.29774926787,10442.632721542608,445485.20739509986,30813770.365976267
180,0.0,41750.56788611352,20070.45598919374,42513.002861269226,16176.726126039393,21644.29774926787,10512.044321952235,445485.20739509986,30813770.365976267
181,0.0,40461.27525689286,14965.796293111247,41376.89351472824,11132.41135949738,20294.660190506722,10698.149999430627,445485.20739509986,30813770.365976267
182,0.0,41752.888844942005,23891.408904325865,48546.33533590314,20000.0,21644.29774926787,11305.054823622428,445485.20739509986,30813770.365976267
183,0.0,41832.96192452457,19888.260721158058,45903.923709678595,16076.924896414752,21644.29774926787,10130.635908487087,445485.20739509986,30813770.365976267
184,0.0,41752.888844942005,13343.501906615049,48042.687270122966,9452.093002289183,21644.29774926787,11282.912225769367,445485.20739509986,30813770.365976267
185,0.0,41295.65995573143,26798.90380626157,42884.35627382603,22450.266012725133,21644.29774926787,11318.623853634623,445485.20739509986,30813770.365976267
186,0.0,41458.127073725045,20164.454821747182,44324.51122689791,15978.284146204347,21644.297749267873,10132.586746333494,445485.20739509986,30813770.365976267
187,0.0,41696.025353644254,19948.27239562363,43399.609133748614,16000.0,21644.297749267873,10472.40879823777,445485.20739509986,30813770.365976267
188,0.0,41868.936786366015,18941.642774213098,45071.85996966849,15166.281811311233,21644.297749267866,10325.2721999576,445485.20739509986,30813770.365976267
189,0.0,41836.44336276729,21080.073079582566,47935.923164012886,17272.21869308198,21644.29774926787,10076.909987718385,445485.20739509986,30813770.365976267
190,0.0,41473.213306110156,20171.084443157713,47200.1792153847,16000.0,21644.29774926787,10135.373773530499,445485.20739509986,30813770.365976267
191,0.0,41982.66376896153,19090.517394310726,43545.82953994286,15428.883414004384,21644.297749267866,10421.3601411287,445485.20739509986,30813770.365976267
192,0.0,41475.53426493864,21098.307495135494,44538.03943911808,16929.54401080626,21644.297749267873,10314.028800633221,445485.20739509986,30813770.365976267
193,0.0,41925.800277663766,18718.497471604103,45619.606253189784,15000.0,21644.29774926787,10825.193969515765,445485.20739509986,30813770.365976267
194,0.0,41700.66727130121,20183.02249237502,43982.169799697105,16239.392014408351,21644.29774926787,10510.274834774498,445485.20739509986,30813770.365976267
195,0.0,41439.55940309719,17323.77375657297,42444.534575829064,13119.035410402294,21644.29774926787,11087.633303079972,445485.20739509986,30813770.365976267
196,0.0,37542.66953007918,22887.92746608314,37542.66953007918,14786.299246894454,21644.297749267862,11261.370242853785,445485.20739509986,30813770.365976267
197,0.0,41679.77864184489,17206.565335734726,47367.28825103527,13242.046228311736,21644.29774926787,10835.157785023323,445485.20739509986,30813770.365976267
198,0.0,41668.173847702485,23782.657094462207,45821.52967126755,19806.53319289682,21644.29774926787,10702.067240249346,445485.20739509986,30813770.365976267
199,0.0,41513.83008560856,17251.49077781518,45816.887753610594,13121.023114155865,21644.29774926787,10393.54393409315,445485.20739509986,30813770.365976267
200,0.0,41835.282883353044,18107.591330449417,48716.92580979643,14298.576464534592,21644.297749267862,12196.060901755473,445485.20739509986,30813770.365976267
201,0.0,41599.705562262316,24854.606818145086,46139.50103076931,20810.01463113954,21644.297749267866,10864.577209312929,445485.20739509986,30813770.365976267
202,0.0,41655.40857414585,19988.88917512203,48166.85856744665,16000.0,21644.29774926787,10042.239718596384,445485.20739509986,30813770.365976267
203,0.0,41849.20863632393,19227.45396519105,46606.01375529382,15432.364852247103,21644.29774926787,10833.954407925356,445485.20739509986,30813770.365976267
204,0.0,41834.12240393881,18118.03564517758,49357.51044645693,14307.860299848513,21644.29774926787,10550.308221221827,445485.20739509986,30813770.365976267
205,0.0,41865.455348123294,22739.386101060423,50773.29533182976,18960.543699915837,21644.297749267866,10867.30484964245,445485.20739509986,30813770.365976267
206,0.0,41802.789459754335,20138.9242746339,51695.876466150585,16297.415985120351,21644.297749267866,10774.386499758815,445485.20739509986,30813770.365976267
207,0.0,41757.530762598966,19899.86551530045,47202.50017421318,16013.098528631544,21644.29774926787,10163.976396519001,445485.20739509986,30813770.365976267
208,0.0,41487.13905908104,20309.51474852718,46365.79451654612,16152.356058340347,21644.29774926787,9928.26914667657,445485.20739509986,30813770.365976267
209,0.0,41680.93912125913,19964.852362497895,47990.46569648216,16001.493734489146,21644.29774926787,9971.122782626744,445485.20739509986,30813770.365976267
210,0.0,41591.088237098214,20001.16047941424,43173.3156479718,15947.95096724458,21644.297749267873,10463.313291311862,445485.20739509986,30813770.365976267
211,0.0,41728.51877724296,19915.778972024906,45062.576134354575,16000.0,21644.297749267873,10115.941941521363,445485.20739509986,30813770.365976267
212,0.0,41714.593024272086,19040.283524423503,48900.281557246344,15110.578799427713,21644.297749267866,10150.441477641129,445485.20739509986,30813770.365976267
213,0.0,41908.39308645017,20905.667912371657,46624.58142592166,17169.76324955395,21644.29774926787,10528.853594127828,445485.20739509986,30813770.365976267
214,0.0,41834.1224039388,20145.887151119343,46138.340551355075,16335.711805790277,21644.297749267873,10257.93143503011,445485.20739509986,30813770.365976267
215,0.0,41488.299538495274,20273.53988668575,47308.103800909026,16117.541675913153,21644.297749267866,10115.450056234235,445485.20739509986,30813770.365976267
216,0.0,41980.34281013306,19754.805588520452,52322.53534984019,16090.85064938563,21644.29774926787,10720.903256475336,445485.20739509986,30813770.365976267
217,0.0,42059.255410301375,20026.357771452618,48381.54725908106,16441.315432486117,21644.29774926787,10363.208236775843,445485.20739509986,30813770.365976267
218,0.0,41968.73801599065,20184.18297178926,47786.22131957592,16508.62323851204,21644.297749267873,10412.506351443708,445485.20739509986,30813770.365976267
219,0.0,42027.9224661169,19836.039147517255,45889.99795670771,16219.663864366275,21644.29774926787,10252.203161212166,445485.20739509986,30813770.365976267
220,0.0,41241.117423262156,17597.313643258713,41311.9066675308,13194.133317252981,21644.297749267887,10736.66821937182,445485.20739509986,30813770.365976267
221,0.0,41915.35596293562,21034.8143824272,45914.368024406765,17305.872596094938,21644.297749267873,11438.89635514161,445485.20739509986,30813770.365976267
222,0.0,41850.36911573817,19793.928633529704,49132.377440094366,16000.0,21644.297749267866,10683.039656936679,445485.20739509986,30813770.365976267
223,0.0,41560.91577232797,18337.699509543847,42318.042319676904,14254.317532603945,21644.297749267873,11422.017721753211,445485.20739509986,30813770.365976267
224,0.0,41510.34864736584,22863.890653459006,47024.94682383446,18729.941551556974,21644.29774926787,11221.89619738453,445485.20739509986,30813770.365976267
225,0.0,41779.579871469534,20864.717877798346,44397.62142999504,17000.0,21644.297749267866,10171.153890479502,445485.20739509986,30813770.365976267
226,0.0,41509.188167951594,18304.872830870223,45165.858802221934,14169.763249553951,21644.29774926787,10342.202509194816,445485.20739509986,30813770.365976267
227,0.0,41969.898495404894,19808.18764157549,46841.591076384546,16133.78838771251,21644.29774926787,10549.155780235822,445485.20739509986,30813770.365976267
228,0.0,41856.171512809364,21033.320647938057,44714.43231008256,17245.194411479555,21644.297749267873,11036.334044970761,445485.20739509986,30813770.365976267
229,0.0,41635.68042410376,20230.60214835886,43235.98153634077,16221.98482319475,21644.29774926787,10564.636685609108,445485.20739509986,30813770.365976267
230,0.0,41578.816932805996,20967.173321326372,42250.73451365098,16901.692504864506,21644.297749267866,10564.122649718525,445485.20739509986,30813770.365976267
231,0.0,41577.65645339176,20265.416530786068,46390.16458424517,16198.775234909954,21644.297749267873,10157.169768026253,445485.20739509986,30813770.365976267
232,0.0,41708.790627200884,18997.345786096615,46341.42444884708,15061.838664029627,21644.29774926787,10831.060715610654,445485.20739509986,30813770.365976267
233,0.0,41893.30685406504,18938.161335970377,42761.34545591659,15187.17044076755,21644.297749267866,10595.370130964202,445485.20739509986,30813770.365976267
234,0.0,41803.94993916857,21917.272706514057,44749.24669250976,18076.92489641475,21644.297749267873,10360.510761717029,445485.20739509986,30813770.365976267
235,0.0,41517.9780340011,20140.418009123045,43810.418846389584,16014.098293856261,21644.29774926787,10154.062636312448,445485.20739509986,30813770.365976267
236,0.0,38902.7514035685,19151.356293115634,39075.66283629026,12409.80994741626,21644.29774926787,10607.187988900718,445485.20739509986,30813770.365976267
237,0.0,41754.049324356245,21000.827224339337,42880.874835583316,17110.578799427713,21644.297749267873,10679.468573529733,445485.20739509986,30813770.365976267
238,0.0,41547.48398862153,20165.615301161422,42116.11890159914,16068.80154051507,21644.29774926787,10324.032409977706,445485.20739509986,30813770.365976267
239,0.0,41785.38226854073,19873.174488772933,47778.09796367624,16014.259008045789,21644.29774926787,10055.927620233992,445485.20739509986,30813770.365976267
240,0.0,41838.76432159578,20044.92544208046,50534.23657249632,16239.392014408357,21644.29774926787,11135.61409012239,445485.20739509986,30813770.365976267
241,0.0,41906.07212762169,20082.060783336136,48259.69692058585,16343.835161689953,21644.297749267866,10724.7498145257,445485.20739509986,30813770.365976267
242,0.0,42040.687739673536,20049.567359737415,53487.65668173717,16445.95735014308,21644.29774926787,10600.966801716617,445485.20739509986,30813770.365976267
243,0.0,42104.51410745674,20049.56735973742,52848.23252449092,16509.78371792628,21644.297749267866,10648.300929903458,445485.20739509986,30813770.365976267
244,0.0,41827.159527453376,19974.136197811815,50139.6735716547,16156.99797599731,21644.297749267866,10668.32861341986,445485.20739509986,30813770.365976267
245,0.0,41650.76665648888,19275.860845514224,49092.9211400102,15282.329752735233,21644.297749267862,10615.417970962002,445485.20739509986,30813770.365976267
246,0.0,41677.45768301641,18092.8383531392,44640.1616275712,14125.998286887729,21644.297749267873,10794.027859294298,445485.20739509986,30813770.365976267
247,0.0,41937.40507180617,21694.127403905055,45222.72229351969,17987.234726443356,21644.29774926787,10744.32986588796,445485.20739509986,30813770.365976267
248,0.0,41785.38226854073,21307.193789698707,49930.787277091484,17448.27830897156,21644.29774926787,10940.674631160155,445485.20739509986,30813770.365976267
249,0.0,42250.734513650976,18733.916959064125,53162.72244574997,15340.353723447231,21644.297749267866,10691.6467799201,445485.20739509986,30813770.365976267
250,0.0,41971.05897481914,21189.985368860456,48293.35082359882,17516.746594411714,21644.297749267873,10176.199823396744,445485.20739509986,30813770.365976267
251,0.0,41913.035004107136,20073.93742743646,47482.17571304504,16342.674682275718,21644.297749267873,10192.153019835612,445485.20739509986,30813770.365976267
252,0.0,41783.06130971225,18172.578177646865,51514.84167752912,14311.341738091236,21644.297749267862,10807.338734049035,445485.20739509986,30813770.365976267
253,0.0,42166.01951641145,21161.306638579365,52960.799027672205,17683.028405722947,21644.297749267866,10804.411599529865,445485.20739509986,30813770.365976267
254,0.0,41639.16186234648,16071.283213533075,44850.20840154864,12066.147326611685,21644.29774926787,11338.25546642611,445485.20739509986,30813770.365976267
255,0.0,41987.30568661849,23798.90380626156,50630.556363878226,20141.911743612178,21644.297749267866,11199.868549298262,445485.20739509986,30813770.365976267
256,0.0,41859.65295105208,19953.247568355495,47539.039204342786,16168.60277013971,21644.29774926787,10311.489964472412,445485.20739509986,30813770.365976267
257,0.0,42370.2638933177,21054.20927739438,48860.8252571622,17780.175421444208,21644.29774926787,11187.86759782793,445485.20739509986,30813770.365976267
258,0.0,41986.14520720425,19129.640439319977,47427.63318057574,15471.487897256357,21644.297749267866,10268.203678136495,445485.20739509986,30813770.365976267
259,0.0,41888.66493640808,21138.924274633893,46825.34436458517,17383.29146177411,21644.29774926787,11065.162612769092,445485.20739509986,30813770.365976267
260,0.0,41692.54391540151,20163.29434233294,42759.02449708811,16211.540508466594,21644.297749267862,10421.44086294394,445485.20739509986,30813770.365976267
261,0.0,41809.75233623977,19042.604483251976,44231.67287375871,15208.05907022387,21644.29774926787,10293.659437368362,445485.20739509986,30813770.365976267
262,0.0,39747.580417135236,19999.506637193703,39747.580417135236,15080.246226926076,20666.840827402866,11160.946582187129,445485.20739509986,30813770.365976267
263,0.0,39574.66898441347,20108.418554788754,39574.66898441347,14205.429251319518,21477.658287882707,10467.663986282863,445485.20739509986,30813770.365976267
264,0.0,41696.02535364424,20050.72783915166,45638.17392381762,16102.45544352803,21644.297749267866,10147.584400718886,445485.20739509986,30813770.365976267
265,0.0,41530.74330755773,19124.33201151321,45733.3332357853,15010.777569803065,21644.29774926787,10151.875693913558,445485.20739509986,30813770.365976267
266,0.0,41824.83856862489,20901.692504864506,43857.99850237341,17082.233324221525,21644.297749267873,10405.952996794304,445485.20739509986,30813770.365976267
267,0.0,41661.21097121704,20043.764962666217,46169.67349553956,16060.678184615388,21644.297749267873,9972.866217783943,445485.20739509986,30813770.365976267
268,0.0,41755.209803770485,20120.35660400606,42694.03764989068,16231.268658508672,21644.297749267873,10459.214895701749,445485.20739509986,30813770.365976267
269,0.0,40284.882385928366,19918.433185928294,40450.83094216469,14700.598718352121,21502.71685350454,10523.47116968349,445485.20739509986,30813770.365976267
270,0.0,42111.47698394217,19963.691883083655,45581.31043251986,16430.871117757957,21644.29774926787,10704.649935981222,445485.20739509986,30813770.365976267
271,0.0,41699.50679188696,20130.800918734218,45534.891255950264,16186.00996135331,21644.29774926787,10755.612644640854,445485.20739509986,30813770.365976267
272,0.0,41744.76548904232,18084.381742164616,44876.89942807616,14184.849481939069,21644.29774926787,10436.244745793923,445485.20739509986,30813770.365976267
273,0.0,41901.430209964725,21807.36041723615,46588.6065640802,18064.492877933008,21644.29774926787,10483.51136193796,445485.20739509986,30813770.365976267
274,0.0,40121.25478852052,20249.997043326035,40295.32670065653,14726.954082578695,21644.29774926787,10576.40340397577,445485.20739509986,30813770.365976267
275,0.0,42347.05430503289,19867.37209170173,43164.03181265789,16570.128647466758,21644.297749267866,10329.548724203618,445485.20739509986,30813770.365976267
276,0.0,41708.790627200884,20179.5410541323,43870.763775930056,16244.033932065313,21644.29774926787,10524.915108759593,445485.20739509986,30813770.365976267
277,0.0,40406.73272442357,19944.860541135,40406.73272442357,14876.725510769744,21474.86775478883,10465.434413947576,445485.20739509986,30813770.365976267
278,0.0,42219.40156946651,18975.296677226055,47898.7878227572,15550.400497424678,21644.297749267876,11087.495989265537,445485.20739509986,30813770.365976267
279,0.0,42243.77163716553,20983.420033125738,44781.74011610848,17582.893921023402,21644.29774926787,10517.133788042041,445485.20739509986,30813770.365976267
280,0.0,41735.48165372841,20066.147326611685,43074.674897761404,16157.331231072218,21644.297749267873,10449.904145130686,445485.20739509986,30813770.365976267
281,0.0,41483.65762083832,20160.640128429553,47445.04037178935,16000.0,21644.29774926787,10047.217842284726,445485.20739509986,30813770.365976267
282,0.0,41879.381101094164,20032.160168523817,43911.380555428455,16267.243520350112,21644.29774926787,10261.12829543608,445485.20739509986,30813770.365976267
283,0.0,41562.57022100664,20061.17215387982,42770.629291230514,15979.444625618587,21644.297749267873,10409.225043848937,445485.20739509986,30813770.365976267
284,0.0,40046.98410600917,19264.750020636253,40250.068003501176,14517.281555589572,20794.452571055885,10171.92109606254,445485.20739509986,30813770.365976267
285,0.0,40323.1782065983,19063.493112708296,40745.592713381666,13742.373570038711,21644.2977492679,10482.399099627813,445485.20739509986,30813770.365976267
286,0.0,40261.67279764357,20975.629932300966,40644.63100434277,15593.004980676671,21644.297749267887,10816.640763631001,445485.20739509986,30813770.365976267
287,0.0,36492.43566019196,19854.606818145094,36492.43566019196,10702.744729069174,21644.297749267876,10808.797616399106,445485.20739509986,30813770.365976267
288,0.0,38207.624234438714,20291.77430223868,38207.624234438714,12855.100787409534,21644.29774926786,10433.242064350155,445485.20739509986,30813770.365976267
289,0.0,39409.88090759139,19820.68711166378,39409.88090759139,13586.270269987299,21644.29774926787,10445.862502257469,445485.20739509986,30813770.365976267
290,0.0,36358.98052755435,19723.805899410876,36358.98052755435,10684.349599326712,21398.43682763851,11104.449828990497,445485.20739509986,30813770.365976267
291,0.0,38484.97881444208,20375.32882006396,38484.97881444208,13216.009885238173,21644.29774926787,10564.61802278346,445485.20739509986,30813770.365976267
292,0.0,41735.481653728406,18221.31831304494,45482.66968230947,14312.502217505473,21644.29774926787,10266.712833922587,445485.20739509986,30813770.365976267
293,0.0,40252.38896232965,21043.764962666217,40543.669295303895,15651.856175727991,21644.297749267873,11244.275206986213,445485.20739509986,30813770.365976267
294,0.0,41900.26973055049,20794.59514367952,45560.421803063546,17050.567124962137,21644.29774926787,10812.57617451875,445485.20739509986,30813770.365976267
295,0.0,41397.78214418456,20138.591019558997,45151.93304925105,15892.07541447568,21644.297749267866,10149.566656932979,445485.20739509986,30813770.365976267
296,0.0,42098.71171038554,19199.693015775087,46397.127460730604,15654.106976892748,21644.29774926787,10701.45842190982,445485.20739509986,30813770.365976267
297,0.0,40499.57107756277,20047.246400908934,40788.53045170854,15802.55778538967,20744.259693082044,10968.37728334479,445485.20739509986,30813770.365976267
298,0.0,41923.47931883529,20034.481127352294,45690.39549745843,16313.662696919713,21644.297749267873,10921.755126822985,445485.20739509986,30813770.365976267
299,0.0,41192.377287864074,19666.787096681004,41668.173847702485,15641.923059717534,21217.24132482755,10346.11635200263,445485.20739509986,30813770.365976267
300,0.0,41878.220621679924,19044.925442080457,43853.35658471646,15278.848314492512,21644.29774926787,10351.365660263475,445485.20739509986,30813770.365976267
301,0.0,41516.151044437036,14239.88598367278,42973.71318872252,10111.739278841947,21644.29774926787,11379.753326629694,445485.20739509986,30813770.365976267
302,0.0,39097.711945160816,23214.968746695435,39097.711945160816,19430.99045862946,18881.6902332268,12395.20386256158,445485.20739509986,30813770.365976267
303,0.0,40393.967450866934,16183.02249237502,40393.967450866934,12105.936881770747,20471.053061471204,11627.079620794919,445485.20739509986,30813770.365976267
304,0.0,41244.59886150487,23616.981298946812,41244.59886150487,19217.282411183813,21644.297749267895,10756.955190060184,445485.20739509986,30813770.365976267
305,0.0,39261.33954256867,18242.20694250126,40200.167388688846,14121.023114155869,19382.52337091406,9716.699390775415,445485.20739509986,30813770.365976267
306,0.0,41229.51262911975,19867.04315834622,41258.524614475755,15645.564131111756,21450.991656354217,10415.378320148118,445485.20739509986,30813770.365976267
307,0.0,41412.86837656968,20044.925442080457,45024.280313684656,15813.496069382258,21644.29774926787,10706.099178783963,445485.20739509986,30813770.365976267
308,0.0,41161.04434367959,19622.34613340318,41187.73537020711,15525.53237275683,21257.858104325944,10206.62006345226,445485.20739509986,30813770.365976267
309,0.0,37923.30677794991,20114.220951859956,38084.613416529275,12393.229980541993,21644.297749267873,10525.339560359702,445485.20739509986,30813770.365976267
310,0.0,41563.73070042087,20049.56735973742,42850.70237081307,15969.000310890426,21644.297749267866,10271.077958113005,445485.20739509986,30813770.365976267
311,0.0,39194.03173654275,17183.158216986758,39194.03173654275,13157.800210758856,19219.389742770643,9974.015159313092,445485.20739509986,30813770.365976267
312,0.0,35330.79576653768,15455.401899646522,35392.3011754924,10758.126312573644,16028.071353610563,8810.432284399054,445485.20739509986,30813770.365976267
313,0.0,41605.507959333525,20055.36975680862,44618.11251870063,16016.579966874267,21644.29774926787,10335.026139770769,445485.20739509986,30813770.365976267
314,0.0,41871.25774519449,17560.428701755227,44822.356895606885,13787.388697681841,21644.29774926787,10360.778283527796,445485.20739509986,30813770.365976267
315,0.0,38779.74058565905,18246.84886015822,38779.74058565905,14057.196746372667,18969.3926994446,11948.58717529498,445485.20739509986,30813770.365976267
316,0.0,37360.47426204349,21849.964900488136,37525.26233886558,13566.141413263762,21644.29774926787,11069.193955279285,445485.20739509986,30813770.365976267
317,0.0,36642.13750462892,17806.61509943397,36642.13750462892,8804.454854795018,21644.29774926787,11199.586134149147,445485.20739509986,30813770.365976267
318,0.0,34129.69957279926,19962.864658744325,34129.69957279926,10864.890418683732,19227.67381285985,11697.561072798706,445485.20739509986,30813770.365976267
319,0.0,40707.29689271175,20132.788622487795,40738.62983689622,15195.787765931655,21644.297749267884,10582.449709264956,445485.20739509986,30813770.365976267
320,0.0,37346.548509072614,20043.764962666217,37346.548509072614,11746.015722470966,21644.29774926787,10912.819108910948,445485.20739509986,30813770.365976267
321,0.0,38252.88293159408,18209.71351890254,38252.88293159408,10818.298701228754,21644.297749267866,11021.0827920762,445485.20739509986,30813770.365976267
322,0.0,36917.171125803805,20999.666744925096,36917.171125803805,12272.540121461028,21644.297749267873,11146.347850385691,445485.20739509986,30813770.365976267
323,0.0,41814.394253896724,20932.35893889918,42666.18614394891,17102.455443528037,21644.297749267866,10190.926642956985,445485.20739509986,30813770.365976267
324,0.0,40917.34366668919,19915.28500276048,41145.958111294465,15188.330920181797,21644.297749267906,10448.12937920252,445485.20739509986,30813770.365976267
325,0.0,37743.43246874271,20025.197292038378,37743.43246874271,12124.332011513212,21644.29774926787,10522.177728083778,445485.20739509986,30813770.365976267
326,0.0,39762.66664952036,18462.973527726368,39762.66664952036,13215.297443228812,21010.34273401792,9971.443185916462,445485.20739509986,30813770.365976267
327,0.0,38271.45060222192,18100.62845396398,38368.930873018086,14072.282978757787,18299.79607742811,9923.661355447308,445485.20739509986,30813770.365976267
328,0.0,35414.35028436297,19179.5410541323,35414.35028436297,9886.424139851724,20707.467198643542,10315.186387726873,445485.20739509986,30813770.365976267
329,0.0,41636.840903518,20047.246400908934,45334.12831728673,16039.789555159066,21644.297749267866,10288.060875769743,445485.20739509986,30813770.365976267
330,0.0,41696.02535364424,20047.246400908938,42262.33930779337,16098.974005285309,21644.29774926787,10257.311634788048,445485.20739509986,30813770.365976267
331,0.0,41722.71638017176,19106.430851035177,44107.501576435025,15184.849481939069,21644.29774926787,9974.537271251824,445485.20739509986,30813770.365976267
332,0.0,37070.354408483494,17381.464472210064,37070.354408483494,9823.286163758778,20628.532716934777,11151.655988340513,445485.20739509986,30813770.365976267
333,0.0,37944.19540740623,17347.810569197103,37944.19540740623,12088.945839918539,19203.0601366848,11802.552950139376,445485.20739509986,30813770.365976267
334,0.0,37619.26117141902,23084.048487089713,37619.26117141902,15059.01190924086,21644.297749267873,11132.751517815062,445485.20739509986,30813770.365976267
335,0.0,41453.485156068076,19289.7865984851,41534.71871506488,15098.974005285309,21644.297749267873,10328.056496574669,445485.20739509986,30813770.365976267
336,0.0,41584.61932987721,20872.01400935869,42624.40888503627,16812.335589968017,21644.297749267866,10428.792584666098,445485.20739509986,30813770.365976267
337,0.0,35977.18280026939,17106.933302305904,35977.18280026939,7439.818353307415,21644.29774926787,10867.062830031296,445485.20739509986,30813770.365976267
338,0.0,39488.79350775971,18312.996186769902,39488.79350775971,13883.12483423666,19918.664860292953,11816.06314081214,445485.20739509986,30813770.365976267
339,0.0,40716.58072802566,23123.50478717387,40716.58072802566,18195.787765931662,21644.29774926787,10739.036860664148,445485.20739509986,30813770.365976267
340,0.0,41862.64042003038,17000.0,43701.333781451,13218.342670762506,21644.29774926787,10545.541179124803,445485.20739509986,30813770.365976267
341,0.0,36391.47395115307,18360.844586481446,36391.47395115307,14218.772128679731,16533.546408954782,10890.785988595177,445485.20739509986,30813770.365976267
342,0.0,41060.08263464072,19585.70884911631,44075.00815283631,15001.493734489146,21644.297749267873,10658.6250116531,445485.20739509986,30813770.365976267
343,0.0,41202.82160259223,18508.78395270156,43297.48694529549,14067.307806025918,21644.29774926787,10374.675662058062,445485.20739509986,30813770.365976267
344,0.0,41938.56555122041,21873.17448877293,46951.83662073733,18167.44229072547,21644.297749267866,10347.714240131967,445485.20739509986,30813770.365976267
345,0.0,41784.22178912649,20123.010817909446,45102.03243443873,16262.934857768058,21644.29774926787,10737.17763373093,445485.20739509986,30813770.365976267
346,0.0,41805.11041858281,18098.307495135497,42422.485466958504,14259.12016445043,21644.297749267873,10535.91319970723,445485.20739509986,30813770.365976267
347,0.0,37057.58913492686,17522.70970567244,37105.16879091069,12671.090356505641,17909.20848409365,10464.583178451065,445485.20739509986,30813770.365976267
348,0.0,37015.81187601421,16000.0,37015.81187601421,12228.120475340855,16787.691400673353,9480.566837752818,445485.20739509986,30813770.365976267
349,0.0,40138.661979734126,17256.13269547214,40236.14225053029,12869.865591415592,20524.929083790677,10469.732169956931,445485.20739509986,30813770.365976267
350,0.0,40530.90402174727,20202.321297864895,42053.45301323018,16140.321919645743,20592.90339996641,11008.650108010997,445485.20739509986,30813770.365976267
351,0.0,40482.16388634917,15213.35081686262,40482.16388634917,11418.261703918673,20277.252999293123,11618.375384361434,445485.20739509986,30813770.365976267
352,0.0,34864.2830420132,18381.13121713516,34864.2830420132,14000.0,15245.414259148356,12231.293103563374,445485.20739509986,30813770.365976267
353,0.0,38292.33923167824,20322.280022083825,38534.879429254404,12970.3215044942,21644.297749267866,10565.844410077221,445485.20739509986,30813770.365976267
354,0.0,36382.190115839156,20314.156666184146,36382.190115839156,11052.04903275542,21644.297749267873,10892.402397333086,445485.20739509986,30813770.365976267
355,0.0,41870.09726578025,19774.200483487624,42514.16334068347,16000.0,21644.297749267866,10162.712689268505,445485.20739509986,30813770.365976267
356,0.0,42109.15602511369,20098.307495135494,48808.60368352138,16563.165770981315,21644.29774926787,10979.276429222487,445485.20739509986,30813770.365976267
357,0.0,42110.31650452794,19287.798894731528,45906.24466850707,15753.81764999159,21644.29774926787,10280.283336720311,445485.20739509986,30813770.365976267
358,0.0,41916.51644234985,16080.567048846991,43924.1458289851,12352.785741928967,21644.297749267866,11322.002799660142,445485.20739509986,30813770.365976267
359,0.0,42026.76198670266,22000.0,47621.43324275384,18382.46423743478,21644.297749267866,11736.155914125251,445485.20739509986,30813770.365976267
360,0.0,41548.64446803576,21962.198148594507,42721.88915583243,17866.544867362394,21644.297749267866,11009.773541606033,445485.20739509986,30813770.365976267
361,0.0,42312.2399226057,20501.821076216125,48959.46600737259,17169.76324955395,21644.297749267866,10186.647529107331,445485.20739509986,30813770.365976267
362,0.0,42015.157192560255,20079.73982450766,51433.608118532335,16450.59926780004,21644.297749267866,10657.707338057227,445485.20739509986,30813770.365976267
363,0.0,42052.29253381593,19645.226554317458,54941.73738777993,16053.22133886552,21644.29774926787,10859.5319318571,445485.20739509986,30813770.365976267
364,0.0,42104.51410745673,19911.470309442855,52917.86128934533,16371.686667631717,21644.297749267866,9967.758873150255,445485.20739509986,30813770.365976267
365,0.0,33809.87645327635,20646.54774792122,56435.27439390685,17000.0,13456.424201197571,5536.030699561511,445485.20739509986,30813770.365976267
